Code,Name,Category Code,Unit,Size,Cost,Price,Alert Quantity, Tax Rate Name
PR-315,Fanta,Drinks,pc,M,240,240,360,No Tax
PR-316,Amstel,Drinks,pc,M,504,504,72,No Tax
PR-317,Amstel  bock,Drinks,pc,M,917,917,24,No Tax
PR-318,Mitzig,Drinks,pc,L,842,842,36,No Tax
PR-319,Mitzig  moyenne,Drinks,pc,M,550,550,20,No Tax
PR-320,Pt miiztig,Drinks,pc,M,429,429,72,No Tax
PR-321,Primus,Drinks,pc,M,592,592,36,No Tax
PR-322,Pt primus,Drinks,pc,M,304,304,24,No Tax
PR-323,Primus moyenne,Drinks,pc,M,422,422,20,No Tax
PR-324,Pt Heineken,Drinks,pc,M,833,833,120,No Tax
PR-325,Guiness,Drinks,pc,M,740,740,25,No Tax
PR-326,Pt turbo,Drinks,pc,M,333,333,24,No Tax
PR-327,Pt skol,Drinks,pc,M,425,425,48,No Tax
PR-328,Gd Skol,Drinks,pc,M,733,733,36,No Tax
PR-329,Skol Gatanu,Drinks,pc,M,458,458,12,No Tax
PR-330,Skol en boite,Drinks,pc,M,1125,1125,24,No Tax
PR-331,skol lager,Drinks,pc,M,500,500,40,No Tax
PR-332,Tusker(Malt),Drinks,pc,M,740,740,25,No Tax
PR-333,tusker(Lager),Drinks,pc,L,720,720,25,No Tax
PR-334,Bell,Drinks,pc,M,740,740,20,No Tax
PR-335,Virunga,Drinks,pc,M,530,530,48,No Tax
PR-336,Panache,Drinks,pc,M,341,341,48,No Tax
PR-337,Legend,Drinks,pc,M,450,450,24,No Tax
PR-338,Leffee,Drinks,pc,M,2125,2125,12,No Tax
PR-339,Bavaria,Drinks,pc,M,1292,1292,24,No Tax
PR-340,Calsiberger,Drinks,pc,M,854,854,20,No Tax
PR-341,Red bull ,Drinks,pc,M,1125,1125,24,No Tax
PR-342,Eau mineral(500ml),Drinks,pc,M,183,183,240,No Tax
PR-343,Eau mineral(1.5l),Drinks,pc,M,500,500,36,No Tax
PR-344,Jus de maracuja (buranga),Drinks,pc,M,3500,3500,12,No Tax
PR-345,Jus de pomme(Inyange),Drinks,pc,M,540,540,24,No Tax
PR-346,Jus de pomme(akeza),Drinks,pc,M,0,0,12,No Tax
PR-347,jus  inyange (orange),Drinks,pc,M,0,0,12,No Tax
PR-348,Jus malt,Drinks,pc,M,466,466,12,No Tax
PR-349,Mountain dew,Drinks,pc,M,541,541,12,No Tax
PR-350,Sirop de Grenadine,Drinks,pc,M,800,800,1,No Tax
PR-351,Silop de Menthe,Drinks,pc,M,800,800,1,No Tax
PR-352,Coca Zero,Drinks,pc,M,558,558,12,No Tax
PR-353,Uganda waragi (small),Drinks,pc,M,1541,1541,12,No Tax
PR-354,Uganda waragi (big),Drinks,pc,L,5500,5500,2,No Tax
PR-355,Sharks,Drinks,pc,M,1000,1000,12,No Tax
PR-356,Smilnoff ice black ,Drinks,pc,M,740,740,25,No Tax
PR-357,King fisher,Drinks,pc,M,1000,1000,12,No Tax
PR-358,Grand marnier,Drinks,27tot,M,703.7,703.7,27,No Tax
PR-359,viceroy,Drinks,27 tot,M,370,370,27,No Tax
PR-360,zappa,Drinks,27 tot,M,333,333,27,No Tax
PR-361,Cr�me de Casis  (Bol's),Drinks,27 tot,M,519,519,27,No Tax
PR-362,Tequilla,Drinks,27 tot,M,519,519,27,No Tax
PR-363,V&A,Drinks,3 verre,M,1250,1250,3,No Tax
PR-364,Sandeman Porto,Drinks,3 verre,M,6000,6000,3,No Tax
PR-365,Saint Raphael,Drinks,3 verre,M,4667,4667,3,No Tax
PR-366,Amarula,Drinks,4 verre,M,3500,3500,4,No Tax
PR-367,Tia maria,Drinks,4verre,M,528,528,4,No Tax
PR-368,Cinzano,Drinks,4 verre,M,2250,2250,4,No Tax
PR-369,Martini rouge,Drinks,4 verre,M,2250,2250,8,No Tax
PR-370,Martini blanc,Drinks,4 verre,M,2250,2250,8,No Tax
PR-371,Sheridam's,Drinks,4 verre,M,6750,6750,4,No Tax
PR-372,Baileys,Drinks,4 verre,M,3500,3500,8,No Tax
PR-373,Maribu,Drinks,4 verre,M,834,834,4,No Tax
PR-374,Vin Rouge en carton,Drinks,15 verre,M,1533,1533,30,No Tax
PR-375,Vin Blanc en carton,Drinks,15 verre,M,1533,1533,30,No Tax
PR-376,Smilnoff vodka,Drinks,36 tot,M,630,630,36,No Tax
PR-377,Courvoisier,Drinks,36tot,M,1667,1667,36,No Tax
PR-378,Double black,Drinks,36 tot,M,972,972,36,No Tax
PR-379,Absolut apeac,Drinks,36tot,M,472,472,36,No Tax
PR-380,Campari,Drinks,36 tot,M,417,417,36,No Tax
PR-381,Jack Daniels,Drinks,36 tot,M,750,750,36,No Tax
PR-382,Gin gordon,Drinks,36 tot,M,389,389,36,No Tax
PR-383,Haig,Drinks,36 tot,M,389,389,36,No Tax
PR-384,Cointreau,Drinks,36 tot,M,750,750,36,No Tax
PR-385,Hennessy,Drinks,36 tot,M,1111,1111,36,No Tax
PR-386,Cognac Martel,Drinks,36 tot,M,778,778,36,No Tax
PR-387,Chivas Regal,Drinks,36 tot,M,750,750,36,No Tax
PR-388,Ricard,Drinks,36 tot,M,417,417,36,No Tax
PR-389,Cote du rhome ,Drinks,36 tot,M,361,361,36,No Tax
PR-390,Bacardi,Drinks,36 tot,M,389,389,36,No Tax
PR-391,Remmy Martin,Drinks,36 tot,M,1528,1528,36,No Tax
PR-392,Capitaine Morgan,Drinks,36 tot,M,834,834,36,No Tax
PR-393,G&B,Drinks,36 tot,M,389,389,36,No Tax
PR-394,Red label,Drinks,36 tot,M,389,389,36,No Tax
PR-395,Black label,Drinks,36 tot,M,750,750,36,No Tax
PR-396,Mateus,Drinks,bout,M,7000,7000,1,No Tax
PR-397,Chateau puy fromage,Drinks,bout,M,14000,14000,1,No Tax
PR-398,Cabernet Sauvignon,Drinks,bout,M,12000,12000,1,No Tax
PR-399,Foot print,Drinks,bout,M,12000,12000,1,No Tax
PR-400,Mouton Cadet,Drinks,bout,M,15000,15000,1,No Tax
PR-401,Chadonnay,Drinks,bout,M,12000,12000,1,No Tax
PR-402,Chablis,Drinks,bout,M,12000,12000,1,No Tax
PR-403,Vin rose (Nederburg),Drinks,bout,M,12000,12000,1,No Tax
PR-404,Domaine Belgon rouge,Drinks,bout,M,8000,8000,1,No Tax
PR-405,Domaine Belgon blanc,Drinks,bout,M,8000,8000,1,No Tax
PR-406,Vin du pays d'oc,Drinks,bout,M,12000,12000,1,No Tax
PR-407,Laurant perrier,Drinks,bout,M,48000,48000,1,No Tax
PR-408,Moet et Chandon,Drinks,bout,M,45000,45000,1,No Tax
PR-409,African  five,Drinks,bout,M,7000,7000,1,No Tax
PR-410,Culemborg,Drinks,bout,M,8000,8000,1,No Tax
