Code,Name,Category Code,Unit,Size,Cost,Price,Alert Quantity, Tax Rate Name
PR-190,Savon  sante,CA-011,pc,M,188,188,20,No-Tax
PR-191,Eponge,CA-011,pc,M,80,80,15,No-Tax
PR-192,Stroya  simba,CA-011,pc,M,1000,1000,15,No-Tax
PR-193,stroya  alluminium,CA-011,pc,M,800,800,10,No-Tax
PR-194,Savon  liquide,CA-011,lit,M,500,500,40,No-Tax
PR-195,Vim,CA-011,pc,M,585,585,10,No-Tax
PR-196,Ream of paper,CA-011,pc,M,3000,3000,3,No-Tax
PR-197,Omo,CA-011,kg,M,1900,1900,10,No-Tax
PR-198,Baygon,CA-011,pc,M,2500,2500,2,No-Tax
PR-199,Dethol,CA-011,pc,M,4800,4800,2,No-Tax
PR-200,Jik,CA-011,lit,M,6000,6000,10,No-Tax
PR-201,Brosse  methalique,CA-011,pc,M,1000,1000,2,No-Tax
PR-202,tile  cleaner(target),CA-011,lit,M,1800,1800,10,No-Tax
PR-203,Gant  fragile,CA-011,pc,M,1500,1500,4,No-Tax
PR-204,Tige cotton,CA-011,pc,M,600,600,6,No-Tax
PR-205,Axe  brand,CA-011,pc,M,5000,5000,12,No-Tax
PR-206,Germ killer(sovon  de  toirette),CA-011,lit,M,1800,1800,10,No-Tax
PR-207,Papier  hygenique,CA-011,pc,M,130,130,100,No-Tax
PR-208,serviettes,CA-011,pc,M,500,500,40,No-Tax
PR-209,Imbouma( naphutalene),CA-011,pc,M,1500,1500,4,No-Tax
PR-210,Pommade(camphree),CA-011,pc,M,450,450,6,No-Tax
PR-211,Cadenat,CA-011,pc,M,1500,1500,1,No-Tax
PR-213,Brosse  dur,CA-011,pc,M,2500,2500,1,No-Tax
PR-214,Shinex,CA-011,pc,M,1000,1000,5,No-Tax
PR-215,Vaseline  branche,CA-011,pc,M,4000,4000,1,No-Tax
PR-216,Cash  nez,CA-011,pc,M,200,200,5,No-Tax
PR-217,Hand  wash,CA-011,lit,M,1800,1800,5,No-Tax
PR-218,Ballais,CA-011,pc,M,2500,2500,2,No-Tax
PR-219,Savon  liquide (Laundy),CA-011,lit,M,1239,1239,10,No-Tax
PR-220,Sta soft,CA-011,lit,M,1168,1168,10,No-Tax
PR-221,Air  fresher,CA-011,pc,M,2500,2500,2,No-Tax
PR-222,Pledge,CA-011,pc,M,2000,2000,2,No-Tax
PR-223,Indodo,CA-011,pc,M,100,100,2,No-Tax
PR-224,Inshinge,CA-011,pc,M,100,100,2,No-Tax
PR-225,Champoo,CA-011,pc,M,200,200,100,No-Tax
PR-226,Gels,CA-011,pc,M,200,200,100,No-Tax
PR-227,Long  panier,CA-011,pc,M,16800,16800,1,No-Tax
PR-228,Gant  rigide,CA-011,pc,M,4000,4000,4,No-Tax
PR-230,Raclettes,CA-011,pc,M,2000,2000,2,No-Tax
PR-231,Fer  a repasser,CA-011,pc,M,45000,45000,1,No-Tax
PR-232,Ramassette,CA-011,pc,M,6000,6000,1,No-Tax
PR-233,Alcool denature,CA-011,lit,M,1400,1400,10,No-Tax
PR-234,stylos,CA-011,pc,M,70,70,100,No-Tax
PR-235,Ipamba(COTTON),CA-011,pc,M,2500,2500,2,No-Tax
PR-236,Cup  usage  unique,CA-011,pc,M,25,25,200,No-Tax
PR-237,Allumettes,CA-011,pc,M,20,20,4,No-Tax
PR-238,Cure dents,CA-011,pc,M,100,100,10,No-Tax
PR-239,Serviettes  en tissu,CA-011,pc,M,2300,2300,2,No-Tax
PR-240,Piles  1.5V,CA-011,pc,M,2500,2500,10,No-Tax
PR-241,Piles  1.9v,CA-011,pc,M,500,500,10,No-Tax
PR-242,pile  balance  /bar,CA-011,pc,M,800,800,1,No-Tax
PR-243,Markeurs,CA-011,pc,M,2000,2000,24,No-Tax
PR-244,classeur,CA-011,pc,M,1300,1300,3,No-Tax
PR-245,cartouche  hp 122,CA-011,pc,M,13000,13000,1,No-Tax
PR-246,print  paper  EBM,CA-011,pc,M,700,700,5,No-Tax
PR-247,print  paper   ordinary,CA-011,pc,M,2500,2500,2,No-Tax
PR-248,attache  tout,CA-011,pc,M,400,400,2,No-Tax
PR-249,attache  tout,CA-011,pc,M,1500,1500,2,No-Tax
PR-250,arrache,CA-011,pc,M,400,400,2,No-Tax
PR-251,agraffes,CA-011,pc,M,1000,1000,5,No-Tax
PR-252,aggraffeze,CA-011,pc,M,2500,2500,1,No-Tax
PR-253,souligneurs,CA-011,pc,M,1200,1200,12,No-Tax
PR-254,papier collant,CA-011,pc,M,2000,2000,3,No-Tax
PR-255,farde chemise,CA-011,pc,M,100,100,10,No-Tax
PR-256,enveloppe  A5,CA-011,pc,M,100,100,10,No-Tax
PR-257,enveloppe  A4,CA-011,pc,M,2500,2500,20,No-Tax
PR-258,enveloppe  A3,CA-011,pc,M,100,100,10,No-Tax
PR-259,paille,CA-011,pc,M,2000,2000,3,No-Tax
PR-260,gaz nto,CA-011,pc,M,27000,27000,2,No-Tax
PR-261,gaz nini,CA-011,pc,M,49000,49000,2,No-Tax
PR-262,ciseau,CA-011,pc,M,1000,1000,1,No-Tax
PR-263,amakala,CA-011,pc,M,7500,7500,1,No-Tax
PR-264,inyundo,CA-011,pc,M,5000,5000,1,No-Tax
PR-265,tea pot(utubinika) -1,CA-011,pc,M,4600,4600,2,No-Tax
PR-266,tea pot(utubinika) 2,CA-011,pc,M,4850,4850,2,No-Tax
PR-267,bidon-cuisine,CA-011,pc,M,15000,15000,1,No-Tax
PR-268,imyuko,CA-011,pc,M,1000,1000,1,No-Tax
PR-269,fimbo,CA-011,pc,M,1000,1000,1,No-Tax
PR-270,cahier  registre,CA-011,pc,M,1200,1200,2,No-Tax
PR-271,silex,CA-011,kg,M,8100,8100,20,No-Tax
PR-272,radio,CA-011,pc,M,7000,7000,1,No-Tax
PR-273,samara,CA-011,pc,M,2000,2000,1,No-Tax
PR-274,johnson  baby,CA-011,pc,M,3000,3000,1,No-Tax
PR-275,air  mixed berries,CA-011,pc,M,2100,2100,1,No-Tax
PR-276,lucky air fresher,CA-011,pc,M,2100,2100,1,No-Tax
PR-277,sac linge,CA-011,pc,M,130,130,1,No-Tax
PR-278,porte  cle,CA-011,pc,M,70,70,5,No-Tax
PR-280,vase   de fleur,CA-011,pc,M,1900,1900,1,No-Tax
PR-281,jick chlorox(bleech 3.75),CA-011,pc,M,1200,1200,1,No-Tax
PR-282,tembo,CA-011,pc,M,236,236,36,No-Tax
PR-283,imitaka,CA-011,pc,M,1500,1500,1,No-Tax
PR-284,take away,CA-011,pc,M,80,80,100,No-Tax
PR-285,imyeyo,CA-011,pc,M,400,400,1,No-Tax
PR-286,cr�me  chantille,CA-011,pc,M,3700,3700,1,No-Tax
PR-287,flip chart,CA-011,pc,M,3500,3500,2,No-Tax
PR-288,cup plastique,CA-011,pc,M,250,250,6,No-Tax
PR-289,scotch,CA-011,pc,M,500,500,2,No-Tax
PR-290,tape scotcher dura,CA-011,pc,M,2500,2500,2,No-Tax
PR-291,post-it-notes,CA-011,pc,M,500,500,5,No-Tax
PR-292,umupira w'amazi,CA-011,pc,M,28000,28000,1,No-Tax
PR-293,plates,CA-011,pc,M,17600,17600,1,No-Tax
PR-294,storage box,CA-011,pc,M,5200,5200,1,No-Tax
PR-295,dustin bin -1,CA-011,pc,M,36850,36850,1,No-Tax
PR-296,dustin bin-2,CA-011,pc,M,41850,41850,1,No-Tax
PR-297,jagues- verres,CA-011,pc,M,10900,10900,2,No-Tax
PR-298,reporms depimus,CA-011,pc,M,3000,3000,1,No-Tax
PR-299,p.cotter,CA-011,pc,M,12500,12500,1,No-Tax
PR-300,insecticide(RAVA),CA-011,pc,M,12500,12500,1,No-Tax
PR-301,ibitenge,CA-011,pc,M,10000,10000,10,No-Tax
PR-302,cylinder,CA-011,pc,M,5000,5000,1,No-Tax
PR-303,etiquette,CA-011,pc,M,7000,7000,2,No-Tax
PR-304,cold cap,CA-011,pc,M,4500,4500,5,No-Tax
PR-305,effergant vit,CA-011,pc,M,1400,1400,5,No-Tax
PR-306,prudence,CA-011,pc,M,1000,1000,20,No-Tax
PR-307,sparadrap,CA-011,pc,M,1500,1500,5,No-Tax
PR-308,pommade(camphree),CA-011,pc,M,400,400,5,No-Tax
PR-309,sparadrap,CA-011,pc,M,800,800,5,No-Tax
PR-310,verre  -fanta,CA-011,pc,M,667,667,20,No-Tax
PR-311,verre- wisky,CA-011,pc,M,667,667,12,No-Tax
PR-312,verre- cognac,CA-011,pc,M,1000,1000,12,No-Tax
PR-313,verre-vin rouge,CA-011,pc,M,1000,1000,12,No-Tax
PR-314,verre vin blanc,CA-011,pc,M,1000,1000,12,No-Tax
