Code,Name,Category Code,Unit,Size,Cost,Price,Alert Quantity, Tax Rate Name
PR-142,ORANGE,CA-009,pc,M,500,500,20, No Tax
PR-143,POMME,CA-009,pc,M,300,300,20, No Tax
PR-144,IMYEMBE,CA-009,pc,M,1200,1200,20, No Tax
PR-145,BANANE MIRE,CA-009,pc,M,700,700,20, No Tax
PR-146,CAROTTES,CA-009,kg,M,400,400,20, No Tax
PR-147,ANANAS,CA-009,pc,M,500,500,20, No Tax
PR-148,AVOCAT,CA-009,pc,M,200,200,20, No Tax
PR-149,BANANE VERTE,CA-009,kg,M,170,170,20, No Tax
PR-150,OGNON ROUGE,CA-009,kg,M,800,800,20, No Tax
PR-151,OGNON BLANC,CA-009,kg,M,800,800,20, No Tax
PR-152,WATER MELON,CA-009,pc,M,2000,2000,20, No Tax
PR-153,AMASHAZA,CA-009,kg,M,1800,1800,20, No Tax
PR-154,IBIHAZA,CA-009,pc,M,1500,1500,20, No Tax
PR-155,TOMATE,CA-009,kg,M,600,600,20, No Tax
PR-156,IBIJUMBA,CA-009,kg,M,250,250,20, No Tax
PR-157,AMATEKE,CA-009,kg,M,500,500,20, No Tax
PR-158,CELLERIE,CA-009,pc,M,100,100,20, No Tax
PR-159,PERCILE,CA-009,pc,M,100,100,20, No Tax
PR-160,COCOMBRE,CA-009,pc,M,150,150,20, No Tax
PR-161,SALADE LETIE,CA-009,pc,M,150,150,20, No Tax
PR-162,IBITONORE,CA-009,kg,M,900,900,20, No Tax
PR-163,SALADE LETIE,CA-009,pc,M,150,150,20, No Tax
PR-164,CITRON,CA-009,kg,M,700,700,20, No Tax
PR-165,COURGETTE,CA-009,pc,M,600,600,20, No Tax
PR-166,CAROTTES,CA-009,kg,M,600,600,20, No Tax
PR-167,CHOUX FLEURE,CA-009,pc,M,500,500,20, No Tax
PR-168,INTORYI,CA-009,kg,M,400,400,20, No Tax
PR-169,PRIME DU JAPON,CA-009,kg,M,1200,1200,20, No Tax
PR-170,POIVRON,CA-009,kg,M,600,600,20, No Tax
PR-171,MARACUJA,CA-009,kg,M,1100,1100,20, No Tax
PR-172,POIRON,CA-009,pc,M,200,200,20, No Tax
PR-173,TANGAWISE,CA-009,kg,M,1500,1500,20, No Tax
PR-174,POMME DE TERRE,CA-009,kg,M,350,350,20, No Tax
PR-175,BETERAVE,CA-009,pc,M,200,200,20, No Tax
PR-176,TUNGURUSUMU,CA-009,kg,M,3000,3000,20, No Tax
PR-177,CHOUX BLANC,CA-009,pc,M,300,300,20, No Tax
PR-178,EPINALI,CA-009,pc,M,200,200,20, No Tax
PR-179,DODO,CA-009,pc,M,100,100,20, No Tax
PR-180,UBUNYOBWA BUDASEYE,CA-009,kg,M,1100,1100,20, No Tax
PR-181,UBUNYOBWA BUSEYE,CA-009,kg,M,1000,1000,20, No Tax
PR-182,ISOMBE,CA-009,kg,M,500,500,20, No Tax
PR-183,CHOUCX ROUGE,CA-009,pc,M,1000,1000,20, No Tax
PR-184,IMITEJA,CA-009,kg,M,500,500,20, No Tax
PR-185,PAPAYE,CA-009,pc,M,800,800,20, No Tax
PR-186,IMYUMBATI,CA-009,kg,M,250,250,20, No Tax
PR-187,ibibiringanya,CA-009,kg,M,200,200,20, No Tax
PR-188,brocorie,CA-009,kg,M,500,500,20, No Tax
PR-189,HARICOT,CA-009,kg,M,550,550,20, No Tax
