Code,Name,Category Code,Unit,Size,Cost,Price,Alert Quantity, Tax Rate Name
PR-0157,CREAM FRESH,FOOD,PC,M,"1,017","1,017",5, NoTax
PR-0158,THON,FOOD,PC,M,"2,119","2,119",3, NoTax
PR-0159,SOY SAUCE,FOOD,PC,M,"1,695","1,695",3, NoTax
PR-0160,SEZAME OIL,FOOD,PC,M,"4,407","4,407",1, NoTax
PR-0161,MUSHROOM EN BOITE,FOOD,PC,M,847,847,3, NoTax
PR-0162,SWEET CORN,FOOD,PC,M,"1,017","1,017",4, NoTax
PR-0163,CREAM MUSHROOM,FOOD,PC,M,424,424,4, NoTax
PR-0164,  L'HUILE D'OLIVE,FOOD,PC,M,"5,932","5,932",2, NoTax
PR-0165,CORN FLEX,FOOD,PC,M,"4,237","4,237",1, NoTax
PR-0166,BLEU BAND,FOOD,PC,M,"1,271","1,271",4, NoTax
PR-0167,NIDO,FOOD,PC,M,"5,508","5,508",1, NoTax
PR-0168,KETCHUP,FOOD,PC,M,847,847,4, NoTax
PR-0169,CONFUTURE,FOOD,PC,M,"2,542","2,542",2, NoTax
PR-0170,MOUTARDI,FOOD,PC,M,"1,695","1,695",2, NoTax
PR-0171,SOUCE MAGGI,FOOD,PC,M,"2,119","2,119",3, NoTax
PR-0172,CORN FLOUR,FOOD,PC,M,"1,017","1,017",3, NoTax
PR-0173,MAYONNAISE,FOOD,PC,M,"4,237","4,237",2, NoTax
PR-0174,FIGALO,FOOD,PC,M,"2,119","2,119",2, NoTax
PR-0175,CORNICHON,FOOD,PC,M,"2,119","2,119",2, NoTax
PR-0176,AKABANGA,FOOD,PC,M,339,339,10, NoTax
PR-0177,CAPAMANDAZI,FOOD,PC,M,169,169,5, NoTax
PR-0178,PAKMAYA,FOOD,PC,M,"1,525","1,525",3, NoTax
PR-0179,GREEN TEA,FOOD,PC,M,"1,271","1,271",2, NoTax
PR-0180,TEA BAG,FOOD,PC,M,"1,525","1,525",2, NoTax
PR-0181,RDA TEA,FOOD,PC,M,"1,017","1,017",2, NoTax
PR-0182,NESCAFE,FOOD,PC,M,"1,695","1,695",2, NoTax
PR-0183,COOFEE,FOOD,PC,M,"3,814","3,814",2, NoTax
PR-0184,UBUKI,FOOD,PC,M,"1,695","1,695",4, NoTax
PR-0185,CHOCOLATE,FOOD,PC,M,"2,542","2,542",2, NoTax
PR-0186,CULDENT,MATERIER,PQ,M,"1,017","1,017",2, NoTax
PR-0187,USAGE UNIQUE,MATERIER ,PQ,M,847,847,4, NoTax
PR-0188,IMISHITO,MATERIER,PQ,M,508,508,3, NoTax
PR-0189,ENVELLOPE,MATERIER,KG,M,"1,525","1,525",2, NoTax
PR-0190,SALSA,FOOD,PC,M,186,186,10, NoTax
PR-0191,MASALA,FOOD,PC,M,847,847,3, NoTax
PR-0192,CUBE MAGGI,FOOD,PC,M,847,847,2, NoTax
PR-0193,SUCRE VANILLE,FOOD,PC,M,847,847,2, NoTax
PR-0194,ORGANO,FOOD,PC,M,847,847,3, NoTax
PR-0195,WHITE PEPPER                                ,FOOD,PC,M,"2,119","2,119",2, NoTax
PR-0196,SCOCH,MATERIER,PC,M,424,424,3, NoTax
PR-0197,BILLING MACHINE,MATERIER,PC,M,424,424,3, NoTax
PR-0198,POIVRE VERT,FOOD,PC,M,"2,966","2,966",2, NoTax
PR-0199,BASILICUM,FOOD,PC,M,"1,525","1,525",2, NoTax
PR-0200,CAPERS,FOOD,PC,M,"2,966","2,966",2, NoTax
PR-0201,PAPRICA,FOOD,PC,M,"1,271","1,271",2, NoTax
PR-0202,NEZO,FOOD,PC,M,"1,525","1,525",2, NoTax
PR-0203, CURRY,FOOD,PC,M,"1,695","1,695",2, NoTax
PR-0204,CINAMONI,FOOD,P,M,"1,525","1,525",2, NoTax
PR-0205,WEETABIX                         ,FOOD,PC,M,"2,966","2,966",1, NoTax
PR-0206,BECARBONATE,FOOD,PC,M,424,424,2, NoTax
PR-0207,MAGANJO,FOOD,KG,M,678,678,5, NoTax
PR-0208,SERVIETTE,MATERIER,PC,M,508,508,5, NoTax
PR-0209,UBUGALI,FOOD,KG,M,847,847,2, NoTax
PR-0210,PAPIER ALMENIUM,MATERIER,PC,M,"5,085","5,085",1, NoTax
PR-0211,PAPIER FILM,MATERIER,PC,M,"4,661","4,661",1, NoTax
PR-0212,USING SUGER,FOOD,PQ,M,"1,017","1,017",2, NoTax
PR-0213,SEL,FOOD,KG,M,339,339,2, NoTax
PR-0214,L'HUILE,FOOD,L,M,"1,186","1,186",5, NoTax
PR-0215,INYANGE LAIT,FOOD,L,M,777,777,6, NoTax
PR-0216,BASMATHI,FOOD,KG,M,"1,356","1,356",10, NoTax
PR-0217,TAKE AWAY,MATERIER,PC,M,85,85,10, NoTax
PR-0218,SUCRE ,FOOD,KG,M,847,847,10, NoTax
PR-0219,FALINE,FOOD,KG,M,576,576,50, NoTax
PR-0220,FORTUNE,MATERIER,CTON,M,"7,627","7,627",1, NoTax
PR-0221,PH,MATERIER,PC,M,153,153,20, NoTax
PR-0222,HARPIK,MATERIER,PC,M,"1,271","1,271",2, NoTax
PR-0223,TROPICAL,MATERIER,PC,M,"1,525","1,525",2, NoTax
PR-0224,JIK ,MATERIER,PC,M,"1,271","1,271",2, NoTax
PR-0225,VIM,MATERIER,PC,M,508,508,2, NoTax
PR-0226,EPONGE,MATERIER,PQ,M,847,847,2, NoTax
PR-0227,STRUAYA,MATERIER,PQ,M,"1,017","1,017",1, NoTax
PR-0228,OMO,MATERIER,KG,M,"1,801","1,801",4, NoTax
PR-0229,SAVON LIQUIDE,MATERIER,L,M,678,678,5, NoTax
PR-0230,PAILLE,MATERIER,PQ,M,508,508,3, NoTax
PR-0231,PLEGDE,MATERIER,PC,M,"2,119","2,119",2, NoTax
PR-0232,AMAGI,FOOD,PC,M,64,64,60, NoTax
PR-0233,SPAGHETTI,FOOD,PC,M,593,593,5, NoTax
PR-0234,MACARONI,FOOD,PC,M,593,593,5, NoTax
PR-0235,AMASACHE Y'IMIGATI,MATERIER,PQ,M,"9,000","9,000",2, NoTax
PR-0236,IMBUMA,MATERIER,PQ,M,"2,119","2,119",2, NoTax
PR-0237,POULE DE CHAIRE,FOOD,KG,M,"1,949","1,949",30, NoTax
PR-0238,POULET LOCAL,FOOD,PC,M,"4,237","4,237",6, NoTax
PR-0239,INKWAVU,FOOD,PC,M,"2,966","2,966",3, NoTax
PR-0240,ROTTI [VIANDE],FOOD,KG,M,"2,200","2,200",8, NoTax
PR-0241,TILAPIA,FOOD,KG,M,"3,390","3,390",6, NoTax
PR-0242,FILLET DE POISSON,FOOD,KG,M,"4,237","4,237",6, NoTax
PR-0243,JALLET,FOOD,KG,M,"2,288","2,288",5, NoTax
PR-0244,COTE A L'OS,FOOD,KG,M,"2,966","2,966",5, NoTax
PR-0245,COTE DE PORC,FOOD,KG,M,"2,373","2,373",5, NoTax
PR-0246,ROTTI DE PORC,FOOD,KG,M,"2,373","2,373",5, NoTax
PR-0247,JAMBO CUIT,FOOD,KG,M,"5,085","5,085",1, NoTax
PR-0248,SAUCISO FUME,FOOD,KG,M,"3,559","3,559",2, NoTax
PR-0249,SAUCISO FRESH,FOOD,KG,M,"3,559","3,559",2, NoTax
PR-0250,CHANTLY,FOOD,PC,M,"3,814","3,814",2, NoTax
PR-0251,FLOMAGE,FOOD,PC,M,"2,542","2,542",2, NoTax
PR-0252,CHEVRE[BROCHETTE],FOOD,PC,M,"17,797","17,797",1, NoTax
PR-0253,FILLET DE BOEUF,FOOD,KG,M,"3,000","3,000",2, NoTax
PR-0254,ICE CLEAM,FOOD,BOX,M,"7,627","7,627",4, NoTax
PR-0255,POMME,FOOD,PC,M,300,300,5, NoTax
PR-0256,ORANGE,FOOD,PC,M,600,600,5, NoTax
PR-0257,AVOCAT,FOOD,PC,M,150,150,5, NoTax
PR-0258,IMINEKE,FOOD,PQ,M,600,600,5, NoTax
PR-0259,PAPAYE,FOOD,PC,M,500,500,5, NoTax
PR-0260,ANANAS,FOOD,PC,M,500,500,5, NoTax
PR-0261,WOTER MERONI,FOOD,PC,M,"1,300","1,300",0, NoTax
PR-0262,IBIHAZA,FOOD,PC,M,"2,000","2,000",0, NoTax
PR-0263,CARROTTE,FOOD,KG,M,500,500,0, NoTax
PR-0264,PRINE DU JAPON,FOOD,KG,M,"1,200","1,200",0, NoTax
PR-0265,MARACUJA,FOOD,KG,M,"1,200","1,200",0, NoTax
PR-0266,AMASHAZA,FOOD,KG,M,"1,500","1,500",0, NoTax
PR-0267,IMITEJA,FOOD,KG,M,500,500,0, NoTax
PR-0268,TOMATE,FOOD,KG,M,700,700,0, NoTax
PR-0269,SALADE LETU,FOOD,PC,M,100,100,0, NoTax
PR-0270,PERCILE,FOOD,PQ,M,500,500,0, NoTax
PR-0271,CELELI,FOOD,KG,M,700,700,0, NoTax
PR-0272,POIVRON,FOOD,KG,M,800,800,0, NoTax
PR-0273,AIL,FOOD,KG,M,"2,200","2,200",0, NoTax
PR-0274,CITRON,FOOD,KG,M,900,900,0, NoTax
PR-0275,OIGNON ROUGE,FOOD,KG,M,650,650,0, NoTax
PR-0276,OIGNON BLANC,FOOD,KG,M,750,750,0, NoTax
PR-0277,ISOMBE,FOOD,KG,M,550,550,0, NoTax
PR-0278,UBUNYOBWA BUSEYE,FOOD,KG,M,"1,250","1,250",0, NoTax
PR-0279,UBUNYOBWA BUDASEYE,FOOD,KG,M,"1,400","1,400",0, NoTax
PR-0280,IMYUMBATI,FOOD,PQ,M,"1,000","1,000",0, NoTax
PR-0281,AMATEKE,FOOD,PQ,M,"1,000","1,000",0, NoTax
PR-0282,BANANE VERTE,FOOD,KG,M,300,300,0, NoTax
PR-0283,MANDRENA,FOOD,KG,M,800,800,0, NoTax
PR-0284,AMACUNGA,FOOD,KG,M,700,700,0, NoTax
PR-0285,IMYEMBE,FOOD,KG,M,700,700,0, NoTax
PR-0286,POILLON,FOOD,PQ,M,500,500,0, NoTax
PR-0287,EPINARD,FOOD,PQ,M,300,300,0, NoTax
PR-0288,COCOMBRE,FOOD,KG,M,600,600,0, NoTax
PR-0289,COURGETTE,FOOD,PC,M,700,700,0, NoTax
PR-0290,GINGER,FOOD,KG,M,"1,700","1,700",0, NoTax
PR-0291,IMITONORE,FOOD,KG,M,600,600,0, NoTax
PR-0292,DODO,FOOD,PQ,M,300,300,0, NoTax
PR-0293,CHOU,FOOD,PC,M,300,300,0, NoTax
PR-0294,INTORYI,FOOD,KG,M,300,300,0, NoTax
PR-0295,CHOU FLEUR,FOOD,PC,M,800,800,0, NoTax
PR-0296,AMAMESA,FOOD,KG,M,"2,000","2,000",0, NoTax
PR-0297,BIRINGANYA,FOOD,KG,M,600,600,0, NoTax
PR-0298,INKWI,MATERIER,PQ,M,"2,400","2,400",0, NoTax
PR-0299,IBIJUMBA,FOOD,PQ,M,500,500,0, NoTax
PR-0300,IBISHYIMBO,FOOD,KG,M,600,600,0, NoTax
PR-0301,CHARBON,MATERIER,SAC,M,"7,500","7,500",0, NoTax
PR-0302,POMME DE TERRE,FOOD,KG,M,300,300,0, NoTax
PR-0303,THEI,FOOD,PQ,M,500,500,0, NoTax
