Code,Name,Category Code,Unit,Size,Cost,Price,Alert Quantity, Tax Rate Name
PR-010,Bond 7,Alc,Bottle,L,9000,12000,20, No Tax
PR-011,Bond 7,Alc,Bottle,SM,1800,3500,20,VAT
PR-012,Hennessy,Alc,Bottle,L,60000,90000,20,VAT
PR-013,Inyange Apple Juice,DR,Bottle,SM,800,1000,20,VAT
PR-014,Inyange Mango Juice,DR,Bottle,SM,700,1000,20,VAT
PR-015,Inyange Pineaple Juice,DR,Bottle,SM,700,1000,20,VAT
PR-016,Nil Water,DR,Bottle,SM,300,700,20,VAT
PR-017,Fanta,DR,Bottle,SM,300,1000,20,VAT
PR-018,Mutzig,Beer,Bottle,SM,600,1000,20,VAT
PR-019,Primus,Beer,Bottle,SM,600,1000,20,VAT
PR-020,Turbo King,Beer,Bottle,SM,600,1000,20,VAT
PR-021,Amstel,Beer,Bottle,SM,600,1000,20,VAT
PR-022,Tusker,Beer,Bottle,SM,,,20,VAT
